{"cameraMode":{"drawMode":0,"name":"Shaded","section":"Shading Mode"},"sceneLighting":true,"audioPlay":false,"sceneViewState":{"m_AlwaysRefresh":false,"showFog":true,"showSkybox":true,"showFlares":true,"showImageEffects":true,"showParticleSystems":true,"showVisualEffectGraphs":true,"m_FxEnabled":true},"in2DMode":false,"pivot":{"x":-75.24608612060547,"y":1.5010626316070557,"z":-42.766815185546878},"rotation":{"x":0.014465808868408203,"y":0.9812131524085999,"z":-0.17430636286735536,"w":0.08143153041601181},"size":12.92228889465332,"orthographic":false}