{"cameraMode":{"drawMode":0,"name":"Shaded","section":"Shading Mode"},"sceneLighting":true,"audioPlay":false,"sceneViewState":{"m_AlwaysRefresh":false,"showFog":true,"showSkybox":true,"showFlares":true,"showImageEffects":true,"showParticleSystems":true,"showVisualEffectGraphs":true,"m_FxEnabled":true},"in2DMode":false,"pivot":{"x":15.869544982910157,"y":22.814363479614259,"z":9.697781562805176},"rotation":{"x":0.15955057740211488,"y":-0.8383327126502991,"z":0.39969828724861147,"w":0.33464252948760989},"size":11.983237266540528,"orthographic":true}